{
  "version": 1,
  "author": "Aasim Malik",
  "editor": "wokwi",
  "parts": [
    { "type": "wokwi-esp32-devkit-v1", "id": "esp", "top": -17.33, "left": -104, "attrs": {} },
    { "type": "wokwi-hc-sr04", "id": "ultrasonic1", "top": -33.7, "left": 54.17, "attrs": {} }
  ],
  "connections": [
    [ "esp:TX0", "$serialMonitor:RX", "", [] ],
    [ "esp:RX0", "$serialMonitor:TX", "", [] ],
    [ "esp:VIN", "ultrasonic1:VCC", "red", [ "h0" ] ],
    [ "esp:D5", "ultrasonic1:TRIG", "green", [ "h0" ] ],
    [ "esp:D18", "ultrasonic1:ECHO", "green", [ "h0" ] ],
    [ "esp:GND.1", "ultrasonic1:GND", "black", [ "h0" ] ]
  ]
}